"淄博烧烤火爆出圈，各地烧烤申请出战,，烧烤店最多的居然在这里"
真的有求必应，这火得不是烧烤是淄博的热情...
两地烧烤未出战已败淄博？烧烤店每桌收15炭火费，B太：这次有点悬浮了
淄博烧烤已不重要了，重要的是边三轮怎么上的高速？旁边还坐一孩子！
淄博烧烤为什么这么火？
淄博烧烤真的太好吃了！找到一家宝藏地方人还不用排队！
江苏美女到淄博吃烧烤，文旅局长安排180帅哥陪同被喊：在一起
淄博烧烤吃多了，基本都可以做个烧烤师傅。
淄博烧烤大火后，四川烧烤申请出战遭群嘲，细节暴露背后真相
三亿游客在淄博，五亿在路上#淄博烧烤#淄博#堵车
淄博烧烤，果然我们四川人民比较耿直！
淄博烧烤小胖被送试卷，之前是完全端不完的盘子，未来更是学不完
淄博烧烤红火的背后是8小时工作制
淄博烧烤突然爆火，学生志愿者顶着太阳美化城市，路人暖心送冷饮
别惊慌 他们只是去淄博吃烧烤
淄博“出圈”烧烤店歇业三天 老板：保命要紧
淄博烧烤竟变地理题？网友接连扒出历史、政治题，学生：刚考完！
&quot;你 吃 我 检&quot;淄博保证视频质量#淄博烧烤#食品安全
来啦来啦！！！我们来淄博吃烧烤啦！！
在淄博当警察不得天天吃烧烤？
柯洁锐评淄博烧烤！
一个山东人（老外）的夜生活从济南出发，没有什么是一顿淄博烧烤解决不了的...
什么你们想看海？淄博文旅：我立马挖！果然淄博主打一个有求必应
千里迢迢从陕西到淄博吃烧烤，本想租车自驾，但中途却发生了一系列意想不到的事情
终于吃上淄博烧烤了
淄博金岭日日鲜烧烤老板:我想放假＃好客山东＃淄博烧烤
淄博烧烤不养闲人 这谁能想到啊，在家躺着钱就来了
淄博烧烤被谁带火的？
山东人朱一旦锐评淄博烧烤，挑战杭州美食荒漠
淄博烧烤小胖太有老板范了
淄博不存在悠闲的烧烤摊老板
为啥最近都给淄博烧烤泼冷水？
太火了，淄博烧烤火到外网，外国网友馋哭了:想迫不及待想来中国。
淄博男子与女同事吃烧烤，有人来卖花不买就不走，张口要100块
好客山东去了，尴尬的是淄博烧烤没吃！哈哈
无人声/直接开吃/横屏/沉浸式炸串局，去不了淄博吃烧烤，自己在家吃炸串
淄博卖鸭头小哥被摸现场实录全过程
淄博烧烤节开始啦！广场万人合唱《海阔天空》，淄博嗨翻夜！
淄博烧烤，头一次见生意太好给愁哭了
本以为五一假期都无淄博吃烧烤了，没想到来青岛哈啤酒的也这么多，看看这台东步行街的客流，太热闹了
淄博烧烤赢麻了！旅客乘坐淄博烧烤专列，收到文旅局暖心投喂
潍坊文旅局长在淄博烧烤摊上给游客狂送风筝和特产
""
""
""
